tmdb_id,title,popularity,release_date
76600,Avatar: The Way of Water,37.9423,2022-12-14
438148,Minions: The Rise of Gru,26.9823,2022-06-29
414906,The Batman,23.8676,2022-03-01
361743,Top Gun: Maverick,21.8113,2022-05-21
436270,Black Adam,17.343,2022-10-19
545611,Everything Everywhere All at Once,15.5802,2022-03-24
505026,Death on the Nile,17.7805,2022-02-09
507086,Jurassic World Dominion,17.5092,2022-06-01
952079,Invited Delivery Man 2,15.2763,2022-03-11
1063171,Rainforest First: Climate Protection in Central Africa,8.4177,2022-12-18
829557,365 Days: This Day,13.8254,2022-04-26
453395,Doctor Strange in the Multiverse of Madness,13.5003,2022-05-04
508947,Turning Red,13.1571,2022-03-10
985939,Fall,11.7651,2022-08-11
718930,Bullet Train,11.2803,2022-08-03
505642,Black Panther: Wakanda Forever,13.5534,2022-11-09
1009016,Two Maladroits in Life: A Love Story,10.9554,2022-07-01
629542,The Bad Guys,11.1782,2022-03-17
829560,The Next 365 Days,10.736,2022-08-18
829280,Enola Holmes 2,10.3065,2022-11-03
315162,Puss in Boots: The Last Wish,17.5104,2022-12-07
760104,X,9.3309,2022-03-17
752623,The Lost City,10.8036,2022-03-23
949423,Pearl,10.3111,2022-09-16
937278,A Man Called Otto,8.9474,2022-12-28
675353,Sonic the Hedgehog 2,9.5862,2022-03-30
646385,Scream,8.1808,2022-01-12
335787,Uncharted,8.3155,2022-02-10
718789,Lightyear,8.0788,2022-06-15
634429,Shin Ultraman,6.8514,2022-05-13
661374,Glass Onion: A Knives Out Mystery,8.5953,2022-11-23
593643,The Menu,8.2453,2022-11-17
585083,Hotel Transylvania: Transformania,8.3531,2022-01-31
762975,Purple Hearts,8.0156,2022-07-29
785084,The Whale,8.4697,2022-12-09
766507,Prey,7.8392,2022-08-02
49046,All Quiet on the Western Front,10.1256,2022-10-07
851644,20th Century Girl,7.6175,2022-10-06
882598,Smile,7.06,2022-09-23
1280340,The Good Next Door Sister,6.9201,2022-11-23
338953,Fantastic Beasts: The Secrets of Dumbledore,7.7316,2022-04-06
615173,The Witch: Part 2. The Other One,7.6867,2022-06-15
756999,The Black Phone,7.6687,2022-06-16
639933,The Northman,7.6509,2022-04-07
406759,Moonfall,7.6212,2022-02-02
851644,20th Century Girl,7.6175,2022-10-06
585511,Luck,7.5577,2022-08-05
916224,Suzume,7.5424,2022-11-11
762504,Nope,7.3077,2022-07-20
928358,Grand Jete,7.1945,2022-09-20
882598,Smile,7.06,2022-09-23
987573,Believers,7.0525,2022-07-08
619979,Deep Water,7.0361,2022-03-17
913290,Barbarian,7.0274,2022-09-08
663712,Terrifier 2,6.931,2022-10-06
1280340,The Good Next Door Sister,6.9201,2022-11-23
634429,Shin Ultraman,6.8514,2022-05-13
579974,RRR,6.8498,2022-03-24
899294,Frank and Penelope,6.5179,2022-06-03
725201,The Gray Man,6.4325,2022-07-13
497828,Triangle of Sadness,6.3909,2022-09-18
698508,Redeeming Love,6.267,2022-01-21
1022256,Selena Gomez: My Mind & Me,6.2269,2022-11-04
877269,Strange World,6.1877,2022-11-23
931842,Mini Hero,5.905,2022-01-28
696806,The Adam Project,5.8844,2022-03-11
926899,The House,5.875,2022-01-14
1015606,Obi-Wan Kenobi: A Jedi's Return,5.8731,2022-09-07
724495,The Woman King,5.7637,2022-09-16
1159156,La visita,5.7609,2022-12-31
900667,One Piece Film Red,5.7488,2022-08-06
682507,Where the Crawdads Sing,5.675,2022-07-14
876792,That Time I Got Reincarnated as a Slime the Movie: Scarlet Bond,5.6049,2022-11-25
744276,After Ever Happy,5.5481,2022-08-24
1048094,The Melting Faith,5.5368,2022-11-27
556694,Three Thousand Years of Longing,5.5293,2022-08-24
965150,Aftersun,5.508,2022-10-21
982518,Qas,5.4894,2022-12-01
705996,Decision to Leave,5.4799,2022-06-29
791155,Secret Headquarters,5.4732,2022-08-12
977726,Climate,4.6556,2022-06-02
497828,Triangle of Sadness,6.3909,2022-09-18
791155,Secret Headquarters,5.4732,2022-08-12
601796,Alienoid,5.1447,2022-07-20
931842,Mini Hero,5.905,2022-01-28
928618,Stand Up Rahul,4.9881,2022-03-18
774825,The Ice Age Adventures of Buck Wild,5.0182,2022-01-28
799379,Project Wolf Hunting,5.3479,2022-09-21
934885,Dois Bois,4.5821,2022-01-23
820067,The Quintessential Quintuplets Movie,5.146,2022-05-20
639838,Sinister Seduction,4.2634,2022-01-25
967998,Fatal Conspiracy,4.5433,2022-05-26
899082,Harry Potter 20th Anniversary: Return to Hogwarts,4.9047,2022-01-01
674324,The Banshees of Inisherin,5.2385,2022-10-20
854239,Till,4.3469,2022-10-14
840326,Sisu,4.9763,2022-09-09
1020278,Drop Out,3.8764,2022-10-05
629176,Samaritan,4.039,2022-08-25
988716,Naadi Dosh,4.4821,2022-06-17
974875,Money. Murder. Zurich.: Borchert and the secret of the client,5.0764,2022-09-13
945840,Dead Zone,3.4274,2022-07-29
615173,The Witch: Part 2. The Other One,7.6867,2022-06-15
1038456,ONE on Prime Video 3: Lineker vs. Andrade,4.9758,2022-10-21
957785,Fatal Fandom,4.5757,2022-04-02
966220,Sniper: The White Raven,4.7099,2022-05-03
938008,The Killer,4.2029,2022-07-13
743814,Serve the People,4.4558,2022-02-23
891743,Facing Monsters,4.3132,2022-03-10
1189022,Dead Silent,3.7325,2022-03-01
950692,Szóló,4.5208,2022-03-11
818397,Memory,3.7297,2022-04-28
668482,Roald Dahl's Matilda the Musical,4.3729,2022-11-25
959669,The Narrow Bridge,4.476,2022-01-04
1651020,The Fence,4.6356,2022-08-03
779782,The School for Good and Evil,4.5762,2022-10-19
998938,Big Bang,3.6184,2022-08-03
628900,The Contractor,4.0784,2022-03-10
396194,Ennio,4.5429,2022-02-17
929826,The Death of Lazarus,4.3681,2022-01-24
1722680,Visible,3.8891,2022-09-19
1003558,Night Mode,4.522,2022-08-18
429382,Love Story,4.6971,2022-10-13
952062,Recep Ivedik 7,4.1069,2022-12-09
539681,DC League of Super-Pets,4.4414,2022-07-27
560057,The Sea Beast,4.679,2022-06-24
917773,Real Santa,3.7911,2022-01-13
1388052,Glitch,3.4484,2022-11-13
791177,Bones and All,4.2066,2022-11-18
526896,Morbius,4.6242,2022-03-30
974782,OMG! Oh My Girl,4.2932,2022-10-27
891010,Macherla Niyojakavargam,3.9355,2022-08-12
864101,Mira,4.5876,2022-12-22
941294,Made in Heaven,4.7328,2022-02-18
939099,swingers ZwingerZ,4.0482,2022-03-20
1017478,ONE on Prime Video 1: Moraes vs. Johnson II,4.8548,2022-08-27
532639,Pinocchio,4.3918,2022-09-07
864370,Incantation,4.9305,2022-03-18
1067473,The Self-Irony of Fate,3.6515,2022-12-31
1001835,Wifelike,4.332,2022-08-12
1044142,Wo ist mein Safe Space? Fünf Frauen gegen strukturellen Rassismus,4.0233,2022-11-03
939099,swingers ZwingerZ,4.0482,2022-03-20
629176,Samaritan,4.039,2022-08-25
1030448,ONE on Prime Video 2: Xiong vs. Lee III,4.0256,2022-09-30
1044142,Wo ist mein Safe Space? Fünf Frauen gegen strukturellen Rassismus,4.0233,2022-11-03
945675,One Week Friends,3.9861,2022-06-18
656663,Jackass Forever,3.9759,2022-02-01
1721836,Career Fight,3.9553,2022-06-07
891010,Macherla Niyojakavargam,3.9355,2022-08-12
1020125,Nishwas,3.9292,2022-09-15
610150,Dragon Ball Super: Super Hero,3.9032,2022-06-11
1030598,In Bed,3.8925,2022-12-29
900783,The Kashmir Files,3.8896,2022-03-11
1722680,Visible,3.8891,2022-09-19
1020278,Drop Out,3.8764,2022-10-05
1267637,Mission is Feasible,3.8692,2022-10-27
683056,James,3.8323,2022-03-17
667739,The Man from Toronto,3.8112,2022-12-23
917773,Real Santa,3.7911,2022-01-13
758330,"Good Luck to You, Leo Grande",3.7765,2022-06-16
698948,Thirteen Lives,3.757,2022-07-18
1189022,Dead Silent,3.7325,2022-03-01
818397,Memory,3.7297,2022-04-28
760741,Beast,3.7185,2022-08-11
716814,The Wait,3.7163,2022-04-01
1722906,Arcade,3.6973,2022-07-06
901563,Close,3.6971,2022-11-01
814800,Goodnight Mommy,3.6662,2022-09-16
1011172,Stellar,3.6627,2022-09-11
916192,"The Tunnel to Summer, the Exit of Goodbyes",3.659,2022-09-09
1067473,The Self-Irony of Fate,3.6515,2022-12-31
877424,No Surprise,3.6482,2022-08-11
555604,Guillermo del Toro's Pinocchio,3.6401,2022-11-09
1125334,Mauvaise Blague,3.6195,2022-03-11
998938,Big Bang,3.6184,2022-08-03
929085,Aeterna: Part One,3.6114,2022-01-20
1133072,Take Me Away,3.5931,2022-08-01
804095,The Fabelmans,3.5919,2022-11-11
961624,Pellikuturu Party,3.5801,2022-06-24
715931,Emancipation,3.5719,2022-12-02
916378,The Best Weekend,3.5568,2022-02-02
1082428,The Poltergeist,2.8835,2022-10-29
1585969,Vağzalı,3.3985,2022-03-01
823625,Blacklight,3.446,2022-02-10
916401,Watch the Skies,3.0024,2022-12-25
915896,My Life as Lotta - Okey Dokey Alpaca,3.3008,2022-08-18
894169,Vendetta,3.5221,2022-05-17
1267637,Mission is Feasible,3.8692,2022-10-27
683056,James,3.8323,2022-03-17
804095,The Fabelmans,3.5919,2022-11-11
877816,Viaggio a sorpresa,3.0762,2022-06-08
1030598,In Bed,3.8925,2022-12-29
977730,Supper,3.0826,2022-06-02
760161,Orphan: First Kill,3.3364,2022-07-27
1237380,Cattivissimo Me,2.8833,2022-11-23
799876,The Outfit,2.9629,2022-02-25
1444659,Last Autumn,3.4043,2022-11-16
814609,Zombivli,3.1576,2022-01-26
787752,Fresh,3.5071,2022-03-03
830788,The Invitation,3.3004,2022-08-24
894205,Werewolf by Night,3.4127,2022-09-25
814338,Lady Chatterley's Lover,4.0982,2022-11-22
760741,Beast,3.7185,2022-08-11
955575,Lekh,3.1421,2022-04-01
591108,Theal,3.3254,2022-01-14
656663,Jackass Forever,3.9759,2022-02-01
1044763,A Story of Vengeance,3.2767,2022-11-04
833339,Speak No Evil,3.3783,2022-03-17
947890,The Ancestral,3.0326,2022-03-24
1008547,Terrible Teens,2.7649,2022-08-14
716814,The Wait,3.7163,2022-04-01
774752,The Guardians of the Galaxy Holiday Special,3.2646,2022-11-24
698128,Dual,3.2452,2022-03-18
829799,Paradise City,3.0644,2022-11-11
1159139,Desencuentro,3.129,2022-11-24
1716847,The Getaway,2.6668,2022-12-23
901563,Close,3.6971,2022-11-01
1030448,ONE on Prime Video 2: Xiong vs. Lee III,4.0256,2022-09-30
1422709,Forever,2.4159,2022-12-24
899112,Violent Night,3.2649,2022-11-30
865867,Grandmas,3.4763,2022-03-31
664469,Amsterdam,3.2965,2022-09-27
1016011,Yoon-Yool and Russian Sexy Woman,3.2293,2022-06-24
900783,The Kashmir Files,3.8896,2022-03-11
877424,No Surprise,3.6482,2022-08-11
668461,Slumberland,3.2477,2022-11-18
809395,Estamos llegando,2.8407,2022-07-10
906147,Damal,3.3495,2022-10-28
713335,Petropolis,3.2354,2022-08-27
705861,Hustle,2.817,2022-06-03
924482,The Ledge,3.3435,2022-02-18
980682,Taste of Hope,2.9842,2022-06-04
1014453,Fakt Mahilao Maate,3.3537,2022-08-19
924674,Jupiter Rain,2.9123,2022-01-13
904453,Fortaleza Hotel,3.0525,2022-01-27
821420,Catch the Fair One,3.1975,2022-02-11
800815,The Pale Blue Eye,2.9097,2022-12-22
1038132,Region of Heroes,3.4807,2022-11-24
985505,Waves Apart,2.7371,2022-10-31
1031876,Minacious,2.8555,2022-09-25
950082,Palthu Janwar,3.0022,2022-09-02
1015333,The Escort Wife,2.8858,2022-09-16
619730,Don't Worry Darling,5.2628,2022-09-21
1125334,Mauvaise Blague,3.6195,2022-03-11
928710,On The Edge,2.6166,2022-02-19
1261934,Apollo Boy,3.2262,2022-04-27
1016661,Romance of Ida,2.8321,2022-07-11
1293318,We’rewolf,2.8547,2022-11-25
763285,Ambulance,3.1694,2022-03-16
1085563,Wild Night,2.6202,2022-10-22
1201914,Kolleginnen - Das böse Kind,3.3694,2022-01-22
962232,Beyond the Universe,2.8278,2022-10-26
977623,Reflection,2.4729,2022-05-26
420929,Não Temas,2.8694,2022-01-21
950051,Subject,3.3,2022-06-23
1021579,"You Eat, I Eat",3.2142,2022-06-15
947938,Dolphin Boy,3.2935,2022-04-07
429473,Lou,2.9894,2022-09-23
1021733,The Wind Will Say,2.8998,2022-10-07
900217,Solomante Theneechakal,3.2991,2022-08-18
616820,Halloween Ends,3.1753,2022-10-12
783675,The First Slam Dunk,3.0203,2022-12-03
1022973,Malikappuram,3.0067,2022-12-30
758009,Shotgun Wedding,3.0056,2022-12-28
916401,Watch the Skies,3.0024,2022-12-25
950082,Palthu Janwar,3.0022,2022-09-02
889595,Super Machi,3.0008,2022-01-14
950263,Pondicherry,2.9984,2022-02-25
1047097,Masha and the Bear: 12 Months,2.9982,2022-12-15
1001263,Raado,2.9964,2022-07-22
848685,The Beasts,2.9941,2022-07-20
518896,Warriors of Future,2.9929,2022-08-05
245842,The King's Daughter,2.9928,2022-01-21
429473,Lou,2.9894,2022-09-23
980682,Taste of Hope,2.9842,2022-06-04
930814,Iceberg,2.9793,2022-01-24
799876,The Outfit,2.9629,2022-02-25
1330420,Zona,2.9623,2022-12-22
1588841,Good Night,2.9597,2022-05-04
796535,Tirandaj Shabor,2.9496,2022-05-26
1031453,CATCH,2.9484,2022-10-08
1047097,Masha and the Bear: 12 Months,2.9982,2022-12-15
1022973,Malikappuram,3.0067,2022-12-30
619803,The Roundup,4.9055,2022-05-18
1015484,Unica Saída,2.8951,2022-06-26
937323,Priyan Ottathilaanu,3.2849,2022-06-24
338947,Hellraiser,3.1262,2022-09-28
1588841,Good Night,2.9597,2022-05-04
778106,Along for the Ride,3.0942,2022-05-06
783675,The First Slam Dunk,3.0203,2022-12-03
1629068,Avenue,2.0342,2022-10-25
898942,Neighbour,2.6699,2022-12-29
931895,Antakshari,3.1231,2022-04-22
865951,Poran,2.7389,2022-07-10
1654078,Ana María,2.6466,2022-08-25
1001883,Chase,2.5413,2022-07-15
1679268,Black Birds,2.2992,2022-11-16
930701,"Sex, Shame and Tears 2",3.3375,2022-02-04
961633,Mom,2.9276,2022-07-21
1072034,Reality Free,2.303,2022-10-09
1429211,QUASE ELE,2.8144,2022-08-31
850297,Pamfir,2.5612,2022-11-02
715931,Emancipation,3.5719,2022-12-02
1001263,Raado,2.9964,2022-07-22
1040159,My Massive Cock,2.4824,2022-10-24
871567,Turbo Cola,2.7439,2022-01-15
245842,The King's Daughter,2.9928,2022-01-21
614934,Elvis,4.779,2022-06-22
983311,Eye for an Eye,2.6834,2022-09-10
1726405,Obsesi Dia,3.0691,2022-01-01
966778,Glorious Revolution,2.5871,2022-05-17
933925,Padachone Ingalu Kaatholee,2.9292,2022-11-24
945482,Butterfly,2.8574,2022-12-29
755566,Day Shift,2.8644,2022-08-05
1040391,Edres,2.7644,2022-11-01
922934,Ekjon Telapoka,3.2802,2022-01-06
881727,A Thousand Hours,2.7739,2022-09-01
722071,I Work at the Cemetery,2.8059,2022-09-15
930814,Iceberg,2.9793,2022-01-24
807356,Watcher,2.5991,2022-06-03
888299,Aadavaallu Meeku Johaarlu,2.8242,2022-03-04
950263,Pondicherry,2.9984,2022-02-25
800510,Kimi,2.0988,2022-02-10
843847,Jerry & Marge Go Large,3.3343,2022-10-20
770736,Última Cidade,2.8568,2022-07-07
889595,Super Machi,3.0008,2022-01-14
997804,Last Sunday,2.5259,2022-08-12
1022997,Son Parti,2.7213,2022-04-08
979612,"Romy : 40 ans après, ultimes confidences",1.2482,2022-05-24
950475,Bear Witness,2.7776,2022-04-22
1030611,Lilith,2.6202,2022-10-06
1064216,Donut Kid,2.2913,2022-08-20
984656,Almost Absent,2.866,2022-06-04
1010403,Happy Birthday,2.535,2022-05-26
1013708,Arnaud Ducret dans tous ses états,2.5147,2022-08-16
1060622,The Love Story,2.1808,2022-05-20
823417,Free! the Final Stroke the Second Volume,2.8393,2022-04-22
1028955,In Isolation,2.7173,2022-09-26
875521,On Exhalation,3.0981,2022-02-27
899248,Highway,2.7745,2022-08-19
862965,Emily the Criminal,2.7638,2022-08-12
881727,A Thousand Hours,2.7739,2022-09-01
919313,Naan Mirugamaai Maara,2.7723,2022-11-18
1067624,No Time to Fail,2.772,2022-10-07
890960,Malli Modalaindi,2.7707,2022-02-11
1008547,Terrible Teens,2.7649,2022-08-14
1040391,Edres,2.7644,2022-11-01
862965,Emily the Criminal,2.7638,2022-08-12
835684,Twenty One Grams,2.763,2022-03-18
1000599,Ararat,2.7573,2022-08-18
1046261,Paraguaçu,2.7562,2022-08-30
829130,Innale Vare,2.7551,2022-06-09
927855,Love Tactics,2.7516,2022-02-11
1114842,Instantes Capturados,2.7483,2022-01-04
950022,A hattyú,2.7459,2022-03-01
871567,Turbo Cola,2.7439,2022-01-15
894758,18 Pages,2.7393,2022-12-23
865951,Poran,2.7389,2022-07-10
985505,Waves Apart,2.7371,2022-10-31
1722924,Band(She),2.7223,2022-07-06
864754,Manmatha Leelai,2.7216,2022-04-01
1052924,Phantom,2.01,2022-12-27
896405,Aparajito,2.7974,2022-05-13
890960,Malli Modalaindi,2.7707,2022-02-11
944865,Boon,2.575,2022-04-01
800939,Ticket to Paradise,2.5497,2022-09-08
995133,"The Boy, the Mole, the Fox and the Horse",3.2241,2022-12-25
925786,Satan's Slaves 2: Communion,2.3717,2022-07-30
338958,Disenchanted,2.9431,2022-11-18
1000599,Ararat,2.7573,2022-08-18
812025,The Silent Twins,2.699,2022-09-16
1031453,CATCH,2.9484,2022-10-08
883083,You Won't Be Alone,2.6545,2022-04-01
1150676,GOVERNMENT MAN,2.031,2022-11-30
301502,Blonde,3.5239,2022-09-16
931599,Silip sa Apoy,2.8356,2022-01-28
1202162,Babari,2.2153,2022-09-16
979592,Кавказский тверк,2.6947,2022-06-30
948190,Extremely Easy Job,2.5501,2022-04-29
922805,Yenni Thuniga,2.7028,2022-08-04
1143209,Meeting Conditions of a Virgin,2.6611,2022-11-10
507903,Spoiler Alert,2.3972,2022-12-02
978156,Green Card,2.4165,2022-05-18
920220,Johnny,2.8282,2022-09-23
961484,Last Seen Alive,2.2445,2022-05-12
913544,Ved,2.8032,2022-12-30
1121878,Gurkha: Beneath the Bravery,2.3471,2022-07-22
1036996,Director by Night,2.0128,2022-11-04
860759,Meri Awas Suno,2.7111,2022-05-13
1021497,Nothing Happens By Chance,2.7998,2022-11-03
1532805,Family Ties,2.1632,2022-06-21
1032176,Peaches and Scream,2.4364,2022-10-26
896499,Fruits Basket -prelude-,2.6163,2022-02-18
1024226,Udanpaal,2.7195,2022-12-30
1164329,At Least in the Movies,2.6445,2022-08-02
813829,Vedha,2.6332,2022-12-23
960875,The Chalk Line,2.429,2022-09-09
969658,Kathir,2.5112,2022-04-29
575322,Project Gemini,2.9172,2022-01-06
1031916,Jetty,2.8893,2022-10-28
916605,The Infernal Machine,2.5505,2022-09-23
977555,Soulmates,2.3044,2022-05-26
1330420,Zona,2.9623,2022-12-22
1082010,Advanced Prostitute 2,2.8172,2022-10-19
999455,Therkathi Veeran,2.4281,2022-12-02
987208,Closing Dynasty,2.4177,2022-06-08
1026373,The palindrome woman,2.4625,2022-09-26
718563,Mahananda,2.7126,2022-04-08
788948,Splendid Isolation,2.2035,2022-07-07
504827,The Bob's Burgers Movie,2.2288,2022-05-26
1035678,Repeat Shoe,2.399,2022-10-14
1143669,Intergalactic PizzaBoy,2.6536,2022-06-20
1697153,Kéro-Mango,2.2375,2022-06-27
926841,The American Dream,2.5721,2022-01-14
1049052,Miracle Zone,2.8636,2022-11-10
1046261,Paraguaçu,2.7562,2022-08-30
1014840,Bula,2.5541,2022-09-02
885272,Appan,2.6953,2022-10-28
1424377,Sabirabad’s Saw,2.199,2022-03-03
1141884,Pena,2.2597,2022-07-01
1040258,Andaru Bagundali Andulo Nenundali,2.7012,2022-10-28
1002780,Kamen Rider Geats × Revice: Movie Battle Royale,2.2311,2022-12-23
916472,Trigger,2.511,2022-09-23
691214,Pacifiction,2.3937,2022-09-02
923767,Anbarivu,2.6314,2022-01-07
1673410,Juan Antonio de la Riva: el cine de un duranguense,2.1221,2022-09-16
788752,Viking Wolf,2.2964,2022-11-18
1054630,The Beautiful Bright in Your Dead Eyes,2.3208,2022-12-09
758009,Shotgun Wedding,3.0056,2022-12-28
1722924,Band(She),2.7223,2022-07-06
913270,Nakhimov Residents,2.621,2022-07-28
1453487,The Sleight,2.1325,2022-06-30
1047613,TERMINAL!!!,2.4539,2022-11-17
828853,Jackass 4.5,2.8584,2022-05-20
1054456,Tribble Riding,2.5387,2022-11-25
588108,Hansan: Rising Dragon,2.6825,2022-07-27
893712,Sword Art Online the Movie – Progressive – Scherzo of Deep Night,2.4853,2022-10-22
760517,Love and Leashes,2.1979,2022-02-11
814340,Cha Cha Real Smooth,2.5385,2022-06-17
820446,Downton Abbey: A New Era,3.1862,2022-04-27
945423,Induvadana,2.7184,2022-01-01
1017086,Prakash,1.9591,2022-08-26
927564,Elastico: The Twelfth Player,2.5521,2022-02-23
1106487,Drugs that Heal: Could Psychedelics Treat Depression?,2.4061,2022-06-01
914416,Oruthee,2.8139,2022-03-18
931493,Vanity Fair,2.5864,2022-02-03
896634,Silent River,1.9677,2022-10-14
891645,La cura,2.6114,2022-10-13
831946,Interceptor,2.2033,2022-05-26
820697,The Five Devils,1.965,2022-08-31
1723207,A Fable for Four Voices,2.7129,2022-05-15
1016007,A Friend's Wife Sold in Debt,2.8338,2022-06-30
1058442,The Other End of the Street,2.4388,2022-08-15
950022,A hattyú,2.7459,2022-03-01
1201924,Kolleginnen - Für immer,2.6576,2022-10-29
1030613,Faithfully Yours,1.5693,2022-12-22
853666,Jesus Kid,2.2328,2022-06-09
1723257,Artsanity,2.1712,2022-12-01
894758,18 Pages,2.7393,2022-12-23
457232,Lamborghini: The Man Behind the Legend,2.2818,2022-11-17
970085,Kehvatlal Parivar,2.2717,2022-05-06
1720151,Fences,1.9776,2022-06-09
900471,Swathi Muthyam,2.6531,2022-10-05
1018063,Carne,2.4656,2022-08-29
1621241,Still Together,1.9951,2022-07-19
676547,Prey for the Devil,2.45,2022-10-23
952220,Achcham Madam Naanam Payirppu,2.4874,2022-03-25
791348,DC Showcase - Constantine: The House of Mystery,2.5738,2022-05-02
691683,Cheaper by the Dozen,2.7936,2022-03-18
842275,Bro Daddy,2.5447,2022-01-26
920758,Enna Solla Pogirai,2.6314,2022-01-13
945887,Katché & Origlio Quartet feat. Walter Ricci - Festival Jazz au Sommet 2020,2.5694,2022-03-03
1025169,The Trapped 13: How We Survived The Thai Cave,2.6859,2022-10-05
785398,EO,2.8452,2022-09-30
901225,Veerapandiyapuram,2.5064,2022-02-17
583095,Funny Pages,2.3042,2022-08-26
414177,1945,2.635,2022-01-07
1021582,Café Midnight,2.395,2022-11-17
1712144,Sleep Tight,1.9995,2022-08-24
919313,Naan Mirugamaai Maara,2.7723,2022-11-18
1483059,The Last Supper,2.1557,2022-01-07
934408,Raphaelismo,2.0378,2022-01-13
911345,Viking,2.25,2022-09-25
942012,Before Night Falls,2.3596,2022-03-31
833326,Zero Fucks Given,2.4455,2022-03-02
974756,Kaari,2.5603,2022-11-25
541134,The Good Nurse,2.6284,2022-10-19
1005342,Running with the Devil: The Wild World of John McAfee,2.1461,2022-08-24
929975,Neuro,2.2917,2022-11-01
829130,Innale Vare,2.7551,2022-06-09
680484,Ek Love Ya,2.2862,2022-02-24
1023568,Oh My Ghost,2.3686,2022-12-30
626735,Dog,2.4008,2022-02-17
997340,Taichi's Beast Mound,2.2798,2022-07-09
1024989,Kotha Kothaga,2.3573,2022-09-09
835684,Twenty One Grams,2.763,2022-03-18
809140,Father Stu,2.2143,2022-04-13
1005954,First Round,2.2992,2022-07-23
928344,Weird: The Al Yankovic Story,2.5242,2022-09-08
1041319,Gandhada Gudi,2.799,2022-10-28
844398,Shattered,2.4493,2022-01-14
1002204,Divorce. Part Two,2.0189,2022-07-28
864754,Manmatha Leelai,2.7216,2022-04-01
983507,Good Boy,2.3511,2022-06-03
1691194,VM-krönika 2022,2.3414,2022-12-31
873992,Saudi Vellakka,2.5405,2022-12-02
1024872,If You Love Somebody,2.1431,2022-10-06
1052396,A Second Fortuitous Meeting Next Generation -Midnight Girlfriend- / Gran Cantante!!,2.4229,2022-08-09
937331,Koorman,2.4528,2022-02-11
930285,Kék róka,2.2724,2022-01-22
1012977,Gangster Gangaraju,2.5873,2022-06-24
950386,Black Karen,2.0402,2022-01-23
889114,Bhala Thandanana,2.3857,2022-05-06
890656,Fistful of Vengeance,2.6483,2022-02-18
949958,Kallan,2.4716,2022-03-18
962931,Thunderbird,2.5326,2022-09-21
1024407,Comedy on Three Floors,2.5585,2022-10-18
810389,The Visitor from the Future,1.8644,2022-09-07
900678,Liked it,2.3445,2022-09-01
817758,TÁR,2.5129,2022-10-07
1037292,Как с Максимом х(пип)ня случилась,2.8684,2022-08-20
889114,Bhala Thandanana,2.3857,2022-05-06
899425,Banaras,2.3839,2022-11-04
1032742,The Best in Hell,2.3832,2022-10-05
613703,Kadaisi Vivasayi,2.3796,2022-02-11
1097410,Dead Funny,2.3717,2022-10-07
925786,Satan's Slaves 2: Communion,2.3717,2022-07-30
676710,The Amazing Maurice,2.3698,2022-12-16
782936,Nocebo,2.369,2022-11-03
1023568,Oh My Ghost,2.3686,2022-12-30
992920,Dejá morir,2.3664,2022-06-25
946083,Scooty,2.3602,2022-03-08
942012,Before Night Falls,2.3596,2022-03-31
871213,Varaal,2.3585,2022-10-14
1024989,Kotha Kothaga,2.3573,2022-09-09
1057091,The Eternal City,2.3564,2022-06-11
799021,Akka Kuruvi,2.3561,2022-05-06
997317,Kaguya-sama: Love Is War -The First Kiss That Never Ends-,2.3557,2022-12-17
1105317,Futebol Arte,2.3524,2022-01-10
983507,Good Boy,2.3511,2022-06-03
727340,Hunt,2.349,2022-08-10
1035803,Detective Knight: Redemption,2.0616,2022-12-09
854269,8/12 (Binay Badal Dinesh),2.439,2022-01-26
1722702,Devour,2.1236,2022-09-28
1034662,Showroom,2.5844,2022-11-11
661231,Operation Mincemeat,2.2999,2022-04-01
861037,Yugi,2.4547,2022-11-18
876797,The Last 10 Years,2.6833,2022-03-04
736526,Troll,2.5048,2022-11-30
1029757,Wei-Lai,1.8047,2022-06-24
990412,Under the Influence,2.2415,2022-09-17
866437,The Quarrel,2.4496,2022-07-29
915892,Lost Transport,2.1404,2022-10-14
1686429,Immutable Uncertainties,2.1008,2022-09-15
555604,Guillermo del Toro's Pinocchio,3.6401,2022-11-09
778629,King Car,2.1764,2022-01-07
606402,Yaksha: Ruthless Operations,2.7795,2022-04-08
811942,Bheemla Nayak,2.5279,2022-02-25
1062195,Minhas Vovós,2.0044,2022-12-01
990765,36649,2.2538,2022-06-18
1234855,Courier 2,2.8405,2022-09-01
1355310,CASPER - ALLES WAR SCHÖN UND NICHTS TAT WEH - DAS KOMPLETTE ALBUM LIVE AUS BERLIN,2.5393,2022-02-24
1395533,雪劫,2.1127,2022-04-19
946083,Scooty,2.3602,2022-03-08
1024350,DAMaN,2.6804,2022-11-04
1725680,NJPW New Japan Cup 2022 - Day 8,2.4301,2022-03-14
869255,Valid Glitter,2.4037,2022-09-18
931879,Backstage,2.2941,2022-06-02
894749,Jayamma Panchayathi,2.2948,2022-05-06
550827,Sodium Day,1.9314,2022-04-22
1694889,Parquinho,1.6671,2022-10-31
927213,Sathyam Mathrame Bodhippikku,2.2095,2022-01-14
936934,Time to Buy: A Musical,2.5853,2022-03-08
1055536,Repeat,2.3459,2022-12-01
916421,Comedy Queen,1.9573,2022-02-11
927070,Polar Bear,1.9483,2022-04-22
1020844,Yuddha Kaandam,2.0083,2022-09-05
948031,The Resistance,1.9932,2022-04-17
852046,Athena,2.2103,2022-09-09
990783,God of Trident: YangJian,2.3419,2022-06-22
990400,Mommies,2.4467,2022-06-19
1021284,Et maintenant?,2.2883,2022-09-06
1612570,Other Voices,1.7158,2022-12-25
1019267,Trav’lin’ Light,1.8609,2022-09-01
647228,Notre Histoire,2.2211,2022-11-20
1050225,Angry Neighbors,2.0759,2022-12-02
1199899,Axe. 1944,2.4029,2022-05-09
1725684,NJPW New Japan Cup 2022 - Day 12,2.4634,2022-03-20
1020493,Dui Diner Duniya,2.5861,2022-10-13
1013577,"""Sr.""",2.251,2022-09-02
1043632,¿Qué (diablos) es España?,2.6854,2022-11-02
1030455,The Invincible Constable,2.3487,2022-09-07
1055687,Operasi UFO,1.816,2022-02-05
879128,Ela Veezha Poonchira,2.4664,2022-07-15
940692,3:01AM,2.2923,2022-02-06
680829,Master,2.2567,2022-03-18
888195,Hot Seat,2.0913,2022-07-01
746333,Superwho?,2.8765,2022-02-02
937337,What a Father!,1.9474,2022-02-09
935552,Anbulla Ghilli,2.6487,2022-02-06
1612512,Pelotas Fantástica,2.5427,2022-07-07
1026576,Anima Possession,2.3931,2022-01-05
988535,Nalla Samayam,2.1511,2022-12-30
919849,Discontinued,2.1384,2022-04-01
935999,Hounded,2.0699,2022-10-21
1725688,NJPW New Japan Cup 2022 - Day 15 (Final),2.6225,2022-03-27
1019556,Becoming Death,2.2916,2022-09-02
1042022,Chabutro,1.9748,2022-11-04
823147,To Leslie,1.947,2022-10-07
1010195,Fayna,2.0045,2022-09-29
1057091,The Eternal City,2.3564,2022-06-11
889396,Paris Boutique,2.3471,2022-01-27
1030606,Coup de Grâce,2.0763,2022-10-06
814296,Moh,2.505,2022-09-16
894074,Poikkal Kuthirai,2.3032,2022-08-05
1023313,The Exorcist,1.8695,2022-11-02
1315497,Hud,2.0752,2022-04-17
852357,Hero,2.416,2022-01-15
897192,Diary of a Wimpy Kid: Rodrick Rules,2.521,2022-12-01
1002386,El nido,2.3362,2022-07-28
1305363,Yalnızlık Yolu,2.152,2022-05-26
990412,Under the Influence,2.2415,2022-09-17
1500367,Entre sombras,2.2414,2022-07-05
987642,Arulmozhi,2.2401,2022-06-16
971563,Basta. Supergame,2.2382,2022-05-24
1722751,The Society Experiment,2.2376,2022-04-10
1697153,Kéro-Mango,2.2375,2022-06-27
977397,Hold 'Em King: Airline,2.2365,2022-06-01
975575,Little Blue,2.2361,2022-11-04
1450030,Lovebug,2.2359,2022-08-03
853666,Jesus Kid,2.2328,2022-06-09
883502,Fortress: Sniper's Eye,2.2317,2022-04-29
1029390,Involuntary Wingman,2.2314,2022-10-01
1002780,Kamen Rider Geats × Revice: Movie Battle Royale,2.2311,2022-12-23
911730,Parallels,2.2292,2022-03-01
916405,The Quiet Girl,2.2291,2022-05-12
504827,The Bob's Burgers Movie,2.2288,2022-05-26
1025114,Lalibela,2.2268,2022-10-19
998975,Battery,2.2254,2022-07-29
647228,Notre Histoire,2.2211,2022-11-20
1061919,Jagamemaya,2.2157,2022-12-15
1202162,Babari,2.2153,2022-09-16
1013726,Kalapuram,2.2153,2022-08-26
809140,Father Stu,2.2143,2022-04-13
806368,The Son,2.2132,2022-11-10
1029685,Bisharashki,2.2126,2022-07-14
821119,Jaadugar,2.2118,2022-07-15
921106,Aa Ammayi Gurinchi Meeku Cheppali,2.2112,2022-09-16
1061378,Better Him Than Me,2.2107,2022-12-12
864571,Twenty One Hours,2.2107,2022-05-20
852046,Athena,2.2103,2022-09-09
927213,Sathyam Mathrame Bodhippikku,2.2095,2022-01-14
914017,Dear Maslow,2.2071,2022-01-27
1001865,Scrooge: A Christmas Carol,2.207,2022-11-18
614437,Clap,2.2049,2022-03-11
1225619,Merkez,2.2044,2022-01-02
946290,Ashawari,2.2044,2022-03-03
767825,Moonshot,2.2043,2022-05-05
977097,Grandpa Tea,2.204,2022-05-18
991775,SECT,2.2035,2022-08-28
788948,Splendid Isolation,2.2035,2022-07-07
944777,Kothala Rayudu,2.2033,2022-02-04
831946,Interceptor,2.2033,2022-05-26
1056998,Happy Hunting,2.2018,2022-12-03
952510,Jothi,2.1994,2022-07-28
1424377,Sabirabad’s Saw,2.199,2022-03-03
760517,Love and Leashes,2.1979,2022-02-11
799546,Luckiest Girl Alive,2.1954,2022-09-30
916053,Something from Tiffany's,2.1931,2022-12-08
664332,Gangubai Kathiawadi,2.1923,2022-02-24
967796,Ashoka Vanamlo Arjuna Kalyanam,2.1869,2022-05-06
870239,What Will I Become?,2.1859,2022-01-14
976904,Russia's Cyber Army,2.1853,2022-05-16
903939,Detective Conan: The Bride of Halloween,2.1849,2022-04-15
1015301,Adolescer,2.1844,2022-08-18
1043565,Mindcage,2.1824,2022-12-16
957604,Blazing Neon,2.1822,2022-11-16
1010182,Refúgio,2.1809,2022-05-18
943286,Shikaaru,2.1809,2022-07-01
1060622,The Love Story,2.1808,2022-05-20
1015724,Trick or Treat Scooby-Doo!,2.1787,2022-10-04
778629,King Car,2.1764,2022-01-07
912022,El Ucumar,2.1756,2022-11-17
846433,The Enforcer,2.1742,2022-09-22
766431,Hostile Territory,2.1742,2022-04-22
1266071,Kelinzhan,2.1731,2022-11-24
1723257,Artsanity,2.1712,2022-12-01
877551,Veekam,2.1703,2022-12-09
1172845,Elsewhere,2.17,2022-10-26
1061128,Anger Girl,2.1672,2022-11-16
1128620,Jasmine,2.1641,2022-11-08
1532805,Family Ties,2.1632,2022-06-21
1009051,Silent,2.1629,2022-11-01
1052019,Spiritual Stomach,2.1614,2022-07-30
1008285,My Dear Lisa,2.1607,2022-08-05
1729771,Kau Tak Punya Hati,2.16,2022-01-01
1010818,Groot's First Steps,2.159,2022-08-10
1483059,The Last Supper,2.1557,2022-01-07
1016561,Suffocated,2.1557,2022-08-22
1009792,Gendut Siapa Takut?!,2.1549,2022-09-22
1371399,จันทร์คืนแรม,2.154,2022-07-30
809107,Z-O-M-B-I-E-S 3,2.4008,2022-07-09
877401,Chorokbam,2.2716,2022-07-28
946290,Ashawari,2.2044,2022-03-03
992920,Dejá morir,2.3664,2022-06-25
788977,Cairo Conspiracy,1.9969,2022-10-26
819876,Crimes of the Future,2.8326,2022-05-25
1098009,Monumental Spain,1.5882,2022-11-12
913991,Prison 77,1.9165,2022-09-23
945466,Drawing Sword：Fighting Ghost Cry,1.9066,2022-03-03
1052531,Conquering Time – Ágnes Keleti,2.4895,2022-09-15
676710,The Amazing Maurice,2.3698,2022-12-16
915415,Autorickshawkkarante Bharya,2.1285,2022-10-28
806929,The Immaculate Room,1.9032,2022-08-19
1725624,NJPW New Japan Cup 2022 - Day 2,2.0815,2022-03-06
871653,Prince Mama's Boy,2.2927,2022-10-27
1004560,All in All 4 You,2.0139,2022-08-04
1090307,Danny 45: El terror de La Victoria,1.832,2022-12-15
844075,New Gods: Yang Jian,2,2022-08-19
661791,The Grandmother,2.0964,2022-01-28
846778,Margaux,2.4159,2022-09-09
862734,Murder Party,2.1383,2022-03-09
929705,Banda Calypso: Ao Vivo No Olympia,2.137,2022-01-22
1032720,Bros on Call,2.1363,2022-01-27
800937,Senior Year,2.136,2022-05-11
1725632,NJPW New Japan Cup 2022 - Day 3,2.1349,2022-03-07
1453487,The Sleight,2.1325,2022-06-30
991533,The Exorcist,2.1323,2022-06-24
901908,The Key Game,2.131,2022-04-13
915415,Autorickshawkkarante Bharya,2.1285,2022-10-28
848058,Piggy,2.1268,2022-10-07
983294,Healing House: Kingdom of Sex,2.1255,2022-05-10
1003716,From.Beyond,2.1244,2022-07-19
1730294,Kerana Aku Isteri Bidaan,2.124,2022-01-01
1040263,Don't Leave,2.1239,2022-11-11
1722702,Devour,2.1236,2022-09-28
1054903,Skádja,2.1234,2022-09-28
1673410,Juan Antonio de la Riva: el cine de un duranguense,2.1221,2022-09-16
756681,Veneciafrenia,2.1214,2022-04-22
866105,Bittersweet Power,2.1206,2022-01-26
999476,Naniwa Danshi First Arena Tour 2021 #NaniwaDanshishikakatan,2.1202,2022-02-23
848058,Piggy,2.1268,2022-10-07
1500367,Entre sombras,2.2414,2022-07-05
1003716,From.Beyond,2.1244,2022-07-19
1040263,Don't Leave,2.1239,2022-11-11
1054903,Skádja,2.1234,2022-09-28
954974,The Protector,2.0225,2022-03-18
983294,Healing House: Kingdom of Sex,2.1255,2022-05-10
962945,Weak Rangers,2.0424,2022-04-26
980625,Argileak,1.62,2022-05-24
587412,K.G.F: Chapter 2,2.0984,2022-04-14
866105,Bittersweet Power,2.1206,2022-01-26
999476,Naniwa Danshi First Arena Tour 2021 #NaniwaDanshishikakatan,2.1202,2022-02-23
1725642,NJPW New Japan Cup 2022 - Day 5,2.1488,2022-03-10
973593,Blossom,2.0578,2022-05-08
924341,"Goodbye, Petrushka",1.9361,2022-06-12
1041278,Kaalangalil Aval Vasantham,2.1166,2022-10-28
1132079,Survive,2.9186,2022-05-12
1722751,The Society Experiment,2.2376,2022-04-10
1395533,雪劫,2.1127,2022-04-19
977761,Promenade,1.839,2022-06-02
1038810,Na Rédea Curta,2.0959,2022-11-17
974713,Nay Varan Bhat Loncha Kon Nai Koncha,2.0933,2022-01-14
1369942,A Lighthouse,2.0923,2022-07-02
680980,Sohreyan Da Pind Aa Gaya,2.0921,2022-07-08
1015277,MOM!,2.0914,2022-08-19
888195,Hot Seat,2.0913,2022-07-01
1631090,UPFALL,2.0904,2022-06-10
1029852,Dos-Mukasan,2.0898,2022-09-29
1261876,Influencer,2.0881,2022-11-02
984363,Stavros Halkias: Live at the Lodge Room,2.0864,2022-06-05
1725624,NJPW New Japan Cup 2022 - Day 2,2.0815,2022-03-06
991814,Re/Member,2.08,2022-10-14
969853,Anna!,2.0794,2022-02-01
937568,Amour,2.0793,2022-02-10
679894,75 días,2.0787,2022-04-22
1030606,Coup de Grâce,2.0763,2022-10-06
988621,Early Wedding,2.0763,2022-02-16
1050225,Angry Neighbors,2.0759,2022-12-02
1315497,Hud,2.0752,2022-04-17
895973,Virgin Story,2.0746,2022-02-18
1194094,Doi,1.7343,2022-02-14
823766,The Wonder,1.8946,2022-11-02
926899,The House,5.875,2022-01-14
1113238,Shadow,1.6461,2022-12-31
873126,My Name Is Vendetta,2.257,2022-11-30
773526,Greener Pastures,2.4179,2022-04-07
716847,The Woodcutter Story,1.8206,2022-10-07
893030,Children of the Mist,1.7582,2022-05-07
1500367,Entre sombras,2.2414,2022-07-05
954974,The Protector,2.0225,2022-03-18
718565,Dharmajuddha,2.1447,2022-08-12
983294,Healing House: Kingdom of Sex,2.1255,2022-05-10
962945,Weak Rangers,2.0424,2022-04-26
980625,Argileak,1.62,2022-05-24
587412,K.G.F: Chapter 2,2.0984,2022-04-14
1577263,Bodyguard Hozu,1.4126,2022-11-01
1725642,NJPW New Japan Cup 2022 - Day 5,2.1488,2022-03-10
1648093,Interface,1.5902,2022-11-20
877551,Veekam,2.1703,2022-12-09
1005252,Barber Westchester,1.9624,2022-09-23
962079,Shefeekkinte Santhosham,2.0488,2022-11-25
977769,Maybe Tomorrow,2.0485,2022-06-02
968122,Katha Kanchiki Manam Intiki,2.0482,2022-04-08
1054261,Love At First Right,2.0477,2022-07-30
746419,Father of the Bride,2.0475,2022-07-21
1029306,Night in Motion,2.0455,2022-10-26
979881,Kiss My Wounds,2.0455,2022-06-25
1718913,Hell Yeah,2.045,2022-06-09
1042946,The Legend of the Gold Train,2.0446,2022-10-31
962945,Weak Rangers,2.0424,2022-04-26
994741,When the Rain Falls,2.0409,2022-10-14
950386,Black Karen,2.0402,2022-01-23
934408,Raphaelismo,2.0378,2022-01-13
1729764,Cinta Buat Dara,2.0366,2022-01-01
814421,Hanau: Germany in Winter,2.0366,2022-02-17
1729792,Jodohku Babysitter,2.0361,2022-01-01
1629068,Avenue,2.0342,2022-10-25
930176,Ingra!,2.0327,2022-01-24
1150676,GOVERNMENT MAN,2.031,2022-11-30
1339092,Here Comes The Milkman!,2.0302,2022-04-04
1029685,Bisharashki,2.2126,2022-07-14
974713,Nay Varan Bhat Loncha Kon Nai Koncha,2.0933,2022-01-14
1725622,NJPW New Japan Cup 2022 - Day 1,2.0004,2022-03-02
1051416,Westbound Inn,1.7485,2022-11-20
929705,Banda Calypso: Ao Vivo No Olympia,2.137,2022-01-22
1266071,Kelinzhan,2.1731,2022-11-24
869626,Marcel the Shell with Shoes On,2.6872,2022-06-24
913129,Off Track,2.1053,2022-01-28
944777,Kothala Rayudu,2.2033,2022-02-04
956491,Facies,1.9681,2022-04-14
751741,Night at the Museum: Kahmunrah Rises Again,2.2482,2022-12-08
1027664,Zeno's Paradox,1.7961,2022-10-02
1662244,我没有恐犬症,1.6753,2022-04-12
995470,Skazheni susidy. Novi istoriyi,1.9485,2022-07-07
1614301,Ditto,1.9376,2022-12-19
1054261,Love At First Right,2.0477,2022-07-30
967650,Payanigal Gavanikkavum,2.2801,2022-04-29
1033069,Exchange,1.8706,2022-09-07
1135806,Love Live! Sunshine!! Aqours EXTRA LoveLive! ~DREAMY CONCERT 2021~,2.4054,2022-08-17
1509098,Closure,1.6036,2022-12-14
978384,"Cannes : Palmes, scandales et tapis rouge",1.7635,2022-05-17
933798,Big brother-in-law's big sister-in-law,1.6894,2022-01-11
814421,Hanau: Germany in Winter,2.0366,2022-02-17
775400,A Banquet,1.8868,2022-02-18
943511,Small World,1.4154,2022-03-12
1298344,Virt,1.7594,2022-08-28
890325,Dead End,2.3122,2022-07-06
1030328,Treasure,2.0302,2022-11-04
879538,Crawlspace,2.0301,2022-03-31
800937,Senior Year,2.136,2022-05-11
1005341,Banu,2.0294,2022-08-31
916719,Code Name Banshee,2.0064,2022-07-01
995199,Falling Out,2.0272,2022-11-25
938355,Le pompon,1.8283,2022-01-18
1506970,The kiss of Betrayal !!,1.7342,2022-12-03
615904,Marry Me,2.3095,2022-02-09
927325,1744 White Alto,2.336,2022-11-18
1401493,Dunk Munth,2.0247,2022-04-21
933974,Sauvage,1.9803,2022-02-02
921106,Aa Ammayi Gurinchi Meeku Cheppali,2.2112,2022-09-16
788977,Cairo Conspiracy,1.9969,2022-10-26
1048227,Wandering,1.9968,2022-11-16
996532,"St. Mark’s School ""Go Lions Go!""",1.9956,2022-04-23
1621241,Still Together,1.9951,2022-07-19
1729766,Lorong Hidup,1.995,2022-01-01
948031,The Resistance,1.9932,2022-04-17
811886,Ducobu 4 President,1.9926,2022-07-13
849266,Punga,1.9924,2022-08-02
1051629,Coffin,1.9912,2022-11-12
990691,Loving Adults,1.9905,2022-08-26
842934,Poker Face,1.9905,2022-11-16
1336075,Fifth Wall,1.9904,2022-09-14
1022128,Don't Look at the Demon,1.9894,2022-09-29
966387,Pro Pool,1.9879,2022-06-29
976918,Farewell,1.9878,2022-06-17
952217,King Tweety,1.9851,2022-06-13
931653,Dilberay,1.9811,2022-02-04
943540,"Bombonera, la película",1.981,2022-05-25
998276,Premam,1.9803,2022-06-03
933974,Sauvage,1.9803,2022-02-02
1052164,Dark Fall,1.9801,2022-05-06
913415,Honeycomb,1.9796,2022-01-27
934021,Les  Nouveaux Soldats de la Chine,1.9787,2022-02-08
1720151,Fences,1.9776,2022-06-09
1031224,Balamevvadu,1.9771,2022-10-01
1139080,Immelmann Turn,1.976,2022-04-18
1042022,Chabutro,1.9748,2022-11-04
1027497,Hello,1.9747,2022-09-22
723419,Mr. Harrigan's Phone,1.9697,2022-09-28
956491,Facies,1.9681,2022-04-14
896634,Silent River,1.9677,2022-10-14
1371390,Hairdresser,1.966,2022-07-30
1711835,Hippie Anger,1.9659,2022-11-17
820697,The Five Devils,1.965,2022-08-31
977886,Kasthuri Mahal,1.9643,2022-05-20
765172,Rise of the Teenage Mutant Ninja Turtles: The Movie,1.9634,2022-11-19
1730513,Impian Lara,1.963,2022-01-01
1005252,Barber Westchester,1.9624,2022-09-23
1026074,Temple,1.9614,2022-09-16
969424,Femminile singolare,1.9604,2022-05-11
1018018,The Den,2.1411,2022-04-06
1506970,The kiss of Betrayal !!,1.7342,2022-12-03
615904,Marry Me,2.3095,2022-02-09
1047464,Dear Thirteen,1.7313,2022-11-13
927325,1744 White Alto,2.336,2022-11-18
933974,Sauvage,1.9803,2022-02-02
921106,Aa Ammayi Gurinchi Meeku Cheppali,2.2112,2022-09-16
897338,The Bad Seed Returns,1.9593,2022-09-05
522927,The Forgiven,1.772,2022-07-01
1542897,Red Dawn,1.6791,2022-04-23
1261876,Influencer,2.0881,2022-11-02
934207,Sissy,1.6606,2022-11-03
852317,Ageless Love,1.5717,2022-10-15
915039,Pleasant Goat and Big Big Wolf: Dunk for Future,1.8013,2022-02-01
614437,Clap,2.2049,2022-03-11
866105,Bittersweet Power,2.1206,2022-01-26
901908,The Key Game,2.131,2022-04-13
1152657,Ribcage,1.6051,2022-10-31
746419,Father of the Bride,2.0475,2022-07-21
1246944,Sucker,1.8483,2022-09-27
974731,Driver Jamuna,1.8363,2022-12-30
888097,Slayers,1.7123,2022-10-21
1414085,The Death of Angel Candy,1.5596,2022-03-03
977769,Maybe Tomorrow,2.0485,2022-06-02
1093206,Pragma,2.1027,2022-11-15
1319310,Three,1.8529,2022-03-13
969146,Hosanna,2.0676,2022-11-03
1090259,Funny Business,1.5782,2022-12-15
997120,Sniper: Rogue Mission,2.1024,2022-08-16
1025114,Lalibela,2.2268,2022-10-19
975303,Privatskolen,1.7983,2022-04-25
926378,#Unknown,1.6411,2022-01-10
983508,Cinema Whore Word,2.1028,2022-06-03
973535,Last Resort,1.6032,2022-10-24
648457,DEEMO Memorial Keys,1.713,2022-02-25
879538,Crawlspace,2.0301,2022-03-31
957604,Blazing Neon,2.1822,2022-11-16
962056,35 ans M6 tous en scène,1.7814,2022-04-12
1043945,Classmates,1.9098,2022-10-11
1725681,NJPW New Japan Cup 2022 - Day 9,2.1422,2022-03-15
1031409,The Weight of a Feather: The Liberty Wildlife Story,1.5832,2022-10-02
1274007,Caso 37: Posible Homicidio,2.1424,2022-12-20
987720,Divorce. Part One,1.8201,2022-06-30
1044927,Seremos millones,1.6237,2022-11-05
665828,Bigbug,1.707,2022-02-11
294793,All the Old Knives,2.5154,2022-04-08
972623,The Twins,1.6651,2022-04-29
952217,King Tweety,1.9851,2022-06-13
1725686,NJPW New Japan Cup 2022 - Day 14,2.2749,2022-03-26
974049,Além da Lenda - O Filme,1.902,2022-08-04
1026377,Sanctioning Evil,1.6097,2022-10-07
1003731,ONE 159: De Ridder vs. Bigdash,1.6227,2022-07-22
664332,Gangubai Kathiawadi,2.1923,2022-02-24
1022249,"Bridal, my Song",1.955,2022-09-30
1033219,Attack on Titan,1.9164,2022-09-30
978922,Story,2.1077,2022-06-09
930176,Ingra!,2.0327,2022-01-24
1007401,Mortal Kombat Legends: Snow Blind,2.0493,2022-10-09
741072,The Mother Of My Son,1.723,2022-09-29
977097,Grandpa Tea,2.204,2022-05-18
1031071,Kelinka Sabina 3,1.9072,2022-02-24
989603,444 jours qui ont fait plier l'Amérique,1.9067,2022-06-19
961413,Kuttram Kuttrame,1.9066,2022-04-14
945466,Drawing Sword：Fighting Ghost Cry,1.9066,2022-03-03
1316964,Chunnibyo,1.9065,2022-09-22
1487982,Não Temas,1.9057,2022-01-22
1425910,The Key,1.9052,2022-10-17
1086402,Drakulla,1.9046,2022-11-19
806929,The Immaculate Room,1.9032,2022-08-19
1292294,Üçkağıtçılar,1.9027,2022-01-01
1278847,L'augmentation,1.9022,2022-01-20
974049,Além da Lenda - O Filme,1.902,2022-08-04
1729594,Pekan Kecil Kampung Terpencil,1.8992,2022-01-01
1366346,Moloch,1.8986,2022-04-06
928281,The Demon Hunter,1.8985,2022-01-18
522925,Dalíland,1.8982,2022-09-29
862551,Me Time,1.898,2022-08-26
977128,Biscut,1.8968,2022-02-07
754609,Mrs. Harris Goes to Paris,1.8968,2022-07-15
1729588,Pondok Merdeka,1.8961,2022-01-01
823766,The Wonder,1.8946,2022-11-02
982936,A Karantén Zóna,1.8945,2022-06-25
1062117,Headless,1.8943,2022-12-01
1244042,XXX,1.894,2022-04-26
1729776,Selamanya Suri Cinta,1.8907,2022-01-01
1004657,A Couple,1.8896,2022-10-19
1005828,The Goat and Her Three Kids,1.8889,2022-10-28
676683,A Minor,1.8886,2022-04-27
879901,Beautiful Beings,1.8876,2022-04-22
775400,A Banquet,1.8868,2022-02-18
1013910,Nightalk,1.8863,2022-09-13
1042817,Daag,1.8842,2022-11-10
1239203,Delfina,1.8835,2022-01-01
1017285,Aşka Dair,1.8825,2022-08-10
843314,Possession,1.8819,2022-10-07
912598,Bubble,1.8807,2022-02-14
884588,A Jaula,1.8805,2022-02-17
987516,13TH STEPPING,1.8792,2022-04-01
1387889,Light of My Eye,1.8791,2022-09-08
895539,Shadow,1.8788,2022-12-08
